[{"_id":"665af83937a1ed9062638325","tinhTP":"Tỉnh Hoà Bình","quanHuyen":"Huyện Tân Lạc","xaPhuong":"Xã Phú Cường","soNhaTenDuong":"123 hung long","ghiChu":"ghi chú dịa chi","createdAt":"2024-06-01T10:30:17.586Z","updatedAt":"2024-06-01T10:30:17.586Z","__v":0},{"_id":"665afcd7bb0d528e34df544b","tinhTP":"Tỉnh Quảng Ninh","quanHuyen":"Huyện Hải Hà","xaPhuong":"Xã Quảng Long","soNhaTenDuong":"123 hung long","ghiChu":"ghi chú dịa chi","createdAt":"2024-06-01T10:49:59.426Z","updatedAt":"2024-06-01T10:49:59.426Z","__v":0},{"_id":"665d80782a2f663199159ff4","tinhTP":"Tỉnh Kiên Giang","quanHuyen":"Huyện Giồng Riềng","xaPhuong":"Xã Bàn Thạch","soNhaTenDuong":"123 hung long","ghiChu":"ghi chú dịa chi","createdAt":"2024-06-03T08:36:08.250Z","updatedAt":"2024-06-03T08:36:08.250Z","__v":0},{"_id":"665edf0fe0150b7ebc858882","tinhTP":"Tỉnh Cà Mau","quanHuyen":"Huyện Ngọc Hiển","xaPhuong":"Xã Viên An","soNhaTenDuong":"123 hung long","ghiChu":"ghi chú dịa chi","createdAt":"2024-06-04T09:31:59.205Z","updatedAt":"2024-06-04T09:31:59.205Z","__v":0},{"_id":"66627f61053a4cd9c57a1b15","tinhTP":"Tỉnh Lào Cai","quanHuyen":"Huyện Bảo Yên","xaPhuong":"Xã Điện Quan","soNhaTenDuong":"số 19","ghiChu":"","createdAt":"2024-06-07T03:32:49.259Z","updatedAt":"2024-06-07T03:32:49.259Z","__v":0},{"_id":"66749fa44e5ab61a54743284","tinhTP":"Tỉnh Lào Cai","quanHuyen":"Thành phố Lào Cai","xaPhuong":"Phường Duyên Hải","soNhaTenDuong":"a","ghiChu":"a","createdAt":"2024-06-20T21:31:16.825Z","updatedAt":"2024-06-20T21:31:16.825Z","__v":0},{"_id":"667cc8f70f8458facedc625a","tinhTP":"Tỉnh Vĩnh Phúc","quanHuyen":"Huyện Tam Dương","xaPhuong":"Xã Đồng Tĩnh","soNhaTenDuong":"123 hung long","ghiChu":"ghi chú dia chi","createdAt":"2024-06-27T02:05:43.169Z","updatedAt":"2024-06-27T02:05:43.169Z","__v":0},{"_id":"667cd3ed7b6f03eb0e860f95","tinhTP":"Tỉnh Phú Thọ","quanHuyen":"Huyện Thanh Ba","xaPhuong":"Xã Ninh Dân","soNhaTenDuong":"123 hung long","ghiChu":"ghi chú dia chi","createdAt":"2024-06-27T02:52:29.385Z","updatedAt":"2024-06-27T02:52:29.385Z","__v":0},{"_id":"667cd82ecf4fce5b5205c603","tinhTP":"Tỉnh Hoà Bình","quanHuyen":"Huyện Kim Bôi","xaPhuong":"Xã Đông Bắc","soNhaTenDuong":"123 hung long","ghiChu":"sầádsadsa","createdAt":"2024-06-27T03:10:38.141Z","updatedAt":"2024-06-27T03:10:38.141Z","__v":0}]
