[{"_id":"6672784c2866cc2cd5a9786c","tenDichVu":"Dọn dẹp nhà","loaiDichVu":"Dịch vụ cho gia đình","khoiLuongCongViec":"","gia":120000,"thoiGian":1,"createdAt":"2024-06-19T06:18:52.092Z","updatedAt":"2024-06-20T17:23:56.287Z","__v":0,"trangThai":"Đang hoạt động"},{"_id":"667278892866cc2cd5a97872","tenDichVu":"Tổng vệ sinh","loaiDichVu":"Dịch vụ cho gia đình","khoiLuongCongViec":"","gia":200000,"thoiGian":1,"createdAt":"2024-06-19T06:19:53.115Z","updatedAt":"2024-06-20T17:24:03.302Z","__v":0,"trangThai":"Đang hoạt động"},{"_id":"667278b12866cc2cd5a97878","tenDichVu":"Vệ sinh máy lạnh dưới 2HP","loaiDichVu":"Dịch vụ bảo dưỡng điện máy","khoiLuongCongViec":"","gia":216000,"thoiGian":1,"createdAt":"2024-06-19T06:20:33.060Z","updatedAt":"2024-06-20T17:23:51.706Z","__v":0,"trangThai":"Đang hoạt động"},{"_id":"667278d62866cc2cd5a9787e","tenDichVu":"Vệ sinh máy lạnh trên 2HP","loaiDichVu":"Dịch vụ bảo dưỡng điện máy","khoiLuongCongViec":"","gia":245000,"thoiGian":1,"createdAt":"2024-06-19T06:21:10.400Z","updatedAt":"2024-06-20T17:14:12.237Z","__v":0,"trangThai":"Đang hoạt động"},{"_id":"667279632866cc2cd5a9788e","tenDichVu":"Chăm sóc người cao tuổi","loaiDichVu":"Dịch vụ chăm sóc và hỗ trợ","khoiLuongCongViec":"","gia":273000,"thoiGian":1,"createdAt":"2024-06-19T06:23:31.342Z","updatedAt":"2024-06-20T17:22:14.601Z","__v":0,"trangThai":"Đang hoạt động"},{"_id":"667279b12866cc2cd5a97894","tenDichVu":"Vệ sinh bình nóng lạnh (0 đến 20 lít)","loaiDichVu":"Dịch vụ bảo dưỡng điện máy","khoiLuongCongViec":"","gia":354000,"thoiGian":1,"createdAt":"2024-06-19T06:24:49.738Z","updatedAt":"2024-06-20T17:22:17.595Z","__v":0,"trangThai":"Đang hoạt động"},{"_id":"667279de2866cc2cd5a9789a","tenDichVu":"Vệ sinh bình nóng lạnh (21 đến 30 lít)","loaiDichVu":"Dịch vụ bảo dưỡng điện máy","khoiLuongCongViec":"","gia":402000,"thoiGian":1,"createdAt":"2024-06-19T06:25:34.375Z","updatedAt":"2024-06-20T17:22:22.020Z","__v":0,"trangThai":"Đang hoạt động"}]
