[{"lichLamViec":[],"dichVu":[],"taiLieu":[],"_id":"6677008d0528d114ccef1e8b","tenNhanVien":"Ngô Thanh Tuấn","email":"thanhtuan.htcv@gmail.com","trangThaiTaiKhoan":"Đang hoạt động","trangThaiHienTai":"Đang hoạt động","createdAt":"2024-05-10T17:56:32.418Z","updatedAt":"2024-06-20T17:37:11.892Z","__v":27,"anhDaiDien":"https://upload.wikimedia.org/wikipedia/commons/thumb/5/59/User-avatar.svg/2048px-User-avatar.svg.png","phanQuyen":"Admin","diaChi":"667cd3ed7b6f03eb0e860f95"},{"_id":"667cd82ecf4fce5b5205c605","tenNhanVien":"Mai Thị An","lichLamViec":[],"gioiTinh":"Nữ","ngaySinh":1656300372000,"diaChi":"667cd82ecf4fce5b5205c603","soDienThoai":"09234234235","dichVu":[],"email":"chodai23590@gmail.com","cccd":"078967456754654","ghiChu":"ghi chú nhân viên","trangThaiTaiKhoan":"Đang hoạt động","phanQuyen":"Tasker","anhDaiDien":"/uploads/images/1719457800342_a51d1655ce566f083647.jpg","chuyenMon":"Dịch vụ cho gia đình","taiLieu":["/uploads/files/1719457804439_mau-2_phieu-nhan-xet-sv-thuc-tap-tai-cong-ty2024.docx","/uploads/files/1719457804440_ThongTinNoiDungThucTapDoanhNghiep.docx","/uploads/files/1719457804441_TTKS_HuynhMinhTuan_2001200216.docx","/uploads/files/1719457804443_2001200216_HuynhMinhTuan_BaoCaoThucTapKS.docx"],"createdAt":"2024-06-27T03:10:38.218Z","updatedAt":"2024-06-27T03:10:38.218Z","__v":0}]
